{
    "__isMounted": true,
    "_getText": [Function bound _getText],
    "_inputRef": ReactNativeFiberHostComponent {
      "_children": Array [],
      "_nativeTag": 389,
      "viewConfig": Object {
        "Commands": Object {
          "blurTextInput": 2,
          "focusTextInput": 1,
        },
        "Constants": Object {
          "AutoCapitalizationType": Object {
            "characters": 4096,
            "none": 0,
            "sentences": 16384,
            "words": 8192,
          },
        },
        "NativeProps": Object {
          "accessibilityComponentType": "String",
          "accessibilityHint": "String",
          "accessibilityLabel": "String",
          "accessibilityLiveRegion": "String",
          "accessibilityRole": "String",
          "accessibilityStates": "Array",
          "alignContent": "String",
          "alignItems": "String",
          "alignSelf": "String",
          "allowFontScaling": "boolean",
          "aspectRatio": "number",
          "autoCapitalize": "number",
          "autoComplete": "String",
          "autoCorrect": "boolean",
          "backgroundColor": "number",
          "blurOnSubmit": "boolean",
          "borderBottomColor": "Color",
          "borderBottomLeftRadius": "number",
          "borderBottomRightRadius": "number",
          "borderBottomWidth": "number",
          "borderColor": "Color",
          "borderEndWidth": "number",
          "borderLeftColor": "Color",
          "borderLeftWidth": "number",
          "borderRadius": "number",
          "borderRightColor": "Color",
          "borderRightWidth": "number",
          "borderStartWidth": "number",
          "borderStyle": "String",
          "borderTopColor": "Color",
          "borderTopLeftRadius": "number",
          "borderTopRightRadius": "number",
          "borderTopWidth": "number",
          "borderWidth": "number",
          "bottom": "mixed",
          "caretHidden": "boolean",
          "color": "number",
          "contextMenuHidden": "boolean",
          "disableFullscreenUI": "boolean",
          "display": "String",
          "editable": "boolean",
          "elevation": "number",
          "end": "mixed",
          "flex": "number",
          "flexBasis": "mixed",
          "flexDirection": "String",
          "flexGrow": "number",
          "flexShrink": "number",
          "flexWrap": "String",
          "fontFamily": "String",
          "fontSize": "number",
          "fontStyle": "String",
          "fontWeight": "String",
          "height": "mixed",
          "importantForAccessibility": "String",
          "importantForAutofill": "String",
          "includeFontPadding": "boolean",
          "inlineImageLeft": "String",
          "inlineImagePadding": "number",
          "justifyContent": "String",
          "keyboardType": "String",
          "left": "mixed",
          "letterSpacing": "number",
          "lineHeight": "number",
          "margin": "mixed",
          "marginBottom": "mixed",
          "marginEnd": "mixed",
          "marginHorizontal": "mixed",
          "marginLeft": "mixed",
          "marginRight": "mixed",
          "marginStart": "mixed",
          "marginTop": "mixed",
          "marginVertical": "mixed",
          "maxFontSizeMultiplier": "number",
          "maxHeight": "mixed",
          "maxLength": "number",
          "maxWidth": "mixed",
          "minHeight": "mixed",
          "minWidth": "mixed",
          "mostRecentEventCount": "number",
          "multiline": "boolean",
          "nativeID": "String",
          "numberOfLines": "number",
          "onContentSizeChange": "boolean",
          "onKeyPress": "boolean",
          "onLayout": "boolean",
          "onScroll": "boolean",
          "onSelectionChange": "boolean",
          "opacity": "number",
          "overflow": "String",
          "padding": "mixed",
          "paddingBottom": "mixed",
          "paddingEnd": "mixed",
          "paddingHorizontal": "mixed",
          "paddingLeft": "mixed",
          "paddingRight": "mixed",
          "paddingStart": "mixed",
          "paddingTop": "mixed",
          "paddingVertical": "mixed",
          "placeholder": "String",
          "placeholderTextColor": "Color",
          "position": "String",
          "renderToHardwareTextureAndroid": "boolean",
          "returnKeyLabel": "String",
          "returnKeyType": "String",
          "right": "mixed",
          "rotation": "number",
          "scaleX": "number",
          "scaleY": "number",
          "secureTextEntry": "boolean",
          "selectTextOnFocus": "boolean",
          "selection": "Map",
          "selectionColor": "Color",
          "start": "mixed",
          "testID": "String",
          "text": "String",
          "textAlign": "String",
          "textAlignVertical": "String",
          "textBreakStrategy": "String",
          "textDecorationLine": "String",
          "textShadowColor": "Color",
          "textShadowOffset": "Map",
          "textShadowRadius": "number",
          "textTransform": "String",
          "top": "mixed",
          "transform": "Array",
          "translateX": "number",
          "translateY": "number",
          "underlineColorAndroid": "Color",
          "width": "mixed",
          "zIndex": "number",
        },
        "bubblingEventTypes": Object {
          "topBlur": Object {
            "phasedRegistrationNames": Object {
              "bubbled": "onBlur",
              "captured": "onBlurCapture",
            },
          },
          "topEndEditing": Object {
            "phasedRegistrationNames": Object {
              "bubbled": "onEndEditing",
              "captured": "onEndEditingCapture",
            },
          },
          "topFocus": Object {
            "phasedRegistrationNames": Object {
              "bubbled": "onFocus",
              "captured": "onFocusCapture",
            },
          },
          "topKeyPress": Object {
            "phasedRegistrationNames": Object {
              "bubbled": "onKeyPress",
              "captured": "onKeyPressCapture",
            },
          },
          "topSubmitEditing": Object {
            "phasedRegistrationNames": Object {
              "bubbled": "onSubmitEditing",
              "captured": "onSubmitEditingCapture",
            },
          },
          "topTextInput": Object {
            "phasedRegistrationNames": Object {
              "bubbled": "onTextInput",
              "captured": "onTextInputCapture",
            },
          },
        },
        "directEventTypes": Object {
          "topScroll": Object {
            "registrationName": "onScroll",
          },
        },
        "uiViewClassName": "AndroidTextInput",
        "validAttributes": Object {
          "accessibilityComponentType": true,
          "accessibilityHint": true,
          "accessibilityLabel": true,
          "accessibilityLiveRegion": true,
          "accessibilityRole": true,
          "accessibilityStates": true,
          "alignContent": true,
          "alignItems": true,
          "alignSelf": true,
          "allowFontScaling": true,
          "aspectRatio": true,
          "autoCapitalize": true,
          "autoComplete": true,
          "autoCorrect": true,
          "backgroundColor": true,
          "blurOnSubmit": true,
          "borderBottomColor": Object {
            "diff": null,
            "process": [Function processColor],
          },
          "borderBottomLeftRadius": true,
          "borderBottomRightRadius": true,
          "borderBottomWidth": true,
          "borderColor": Object {
            "diff": null,
            "process": [Function processColor],
          },
          "borderEndWidth": true,
          "borderLeftColor": Object {
            "diff": null,
            "process": [Function processColor],
          },
          "borderLeftWidth": true,
          "borderRadius": true,
          "borderRightColor": Object {
            "diff": null,
            "process": [Function processColor],
          },
          "borderRightWidth": true,
          "borderStartWidth": true,
          "borderStyle": true,
          "borderTopColor": Object {
            "diff": null,
            "process": [Function processColor],
          },
          "borderTopLeftRadius": true,
          "borderTopRightRadius": true,
          "borderTopWidth": true,
          "borderWidth": true,
          "bottom": true,
          "caretHidden": true,
          "color": true,
          "contextMenuHidden": true,
          "disableFullscreenUI": true,
          "display": true,
          "editable": true,
          "elevation": true,
          "end": true,
          "flex": true,
          "flexBasis": true,
          "flexDirection": true,
          "flexGrow": true,
          "flexShrink": true,
          "flexWrap": true,
          "fontFamily": true,
          "fontSize": true,
          "fontStyle": true,
          "fontWeight": true,
          "height": true,
          "importantForAccessibility": true,
          "importantForAutofill": true,
          "includeFontPadding": true,
          "inlineImageLeft": true,
          "inlineImagePadding": true,
          "justifyContent": true,
          "keyboardType": true,
          "left": true,
          "letterSpacing": true,
          "lineHeight": true,
          "margin": true,
          "marginBottom": true,
          "marginEnd": true,
          "marginHorizontal": true,
          "marginLeft": true,
          "marginRight": true,
          "marginStart": true,
          "marginTop": true,
          "marginVertical": true,
          "maxFontSizeMultiplier": true,
          "maxHeight": true,
          "maxLength": true,
          "maxWidth": true,
          "minHeight": true,
          "minWidth": true,
          "mostRecentEventCount": true,
          "multiline": true,
          "nativeID": true,
          "numberOfLines": true,
          "onContentSizeChange": true,
          "onKeyPress": true,
          "onLayout": true,
          "onScroll": true,
          "onSelectionChange": true,
          "opacity": true,
          "overflow": true,
          "padding": true,
          "paddingBottom": true,
          "paddingEnd": true,
          "paddingHorizontal": true,
          "paddingLeft": true,
          "paddingRight": true,
          "paddingStart": true,
          "paddingTop": true,
          "paddingVertical": true,
          "placeholder": true,
          "placeholderTextColor": Object {
            "diff": null,
            "process": [Function processColor],
          }
        }
    }
}